solution_id,designation,ra,dec,clon,clat,phot_g_mean_flux,phot_g_mean_flux_error,phot_g_mean_mag,phot_bp_mean_flux,phot_bp_mean_flux_error,phot_bp_mean_mag,phot_rp_mean_flux,phot_rp_mean_flux_error,phot_rp_mean_mag,phot_bp_rp_excess_factor,bp_rp,bp_g,g_rp
1635721458409799680,Gaia DR2 305019437672163456,29.787717881943397,33.36043722596942,01h59m09.05s,33d21m37.57s,121.08731009090032,2.0407775351389095,20.4806194305,38.42870839776319,2.8726274435057353,21.389749527,171.0428537403021,8.054707518248296,19.1791572571,1.7299216986,2.2105922699,0.9091300964,1.3014621735
1635721458409799680,Gaia DR2 305019472031286016,29.791350436758687,33.35834348443599,01h59m09.92s,33d21m30.04s,19743.019287155537,9.970004693585576,14.9498319626,10883.467343194576,28.119858456523026,15.259469986,13070.075760754637,31.835852960681297,14.4712247849,1.2132664919,0.7882452011,0.3096380234,0.4786071777
1635721458409799680,Gaia DR2 305019472031549696,29.78777069293478,33.36668206695309,01h59m09.06s,33d22m00.06s,143.92259986217056,1.8962869855001157,20.2930431366,149.95253128024885,19.775567328510288,19.9115028381,393.5592585128397,10.95777081764643,18.274394989,3.7764172554,1.6371078491,-0.3815402985,2.0186481476
1635721458409799680,Gaia DR2 305019437671798912,29.778756652538544,33.351321785163286,01h59m06.90s,33d21m04.76s,456.6121071622125,2.4964610256655306,19.0394973755,104.62794259529973,17.832105366369383,20.3022689819,522.4162940958033,11.35619485958995,17.966878891,1.3732535839,2.3353900909,1.2627716064,1.0726184845
1635721458409799680,Gaia DR2 305019441967522304,29.783746839369407,33.34809140637724,01h59m08.10s,33d20m53.13s,181.50748570739705,3.9032053425508093,20.0411300659,79.09532313342417,24.160413303954275,20.606010437,248.6174445726068,15.993984053032333,18.7730903625,1.8055055141,1.8329200745,0.5648803711,1.2680397034
1635721458409799680,Gaia DR2 305019643832107392,29.77814961169422,33.36515999647457,01h59m06.76s,33d21m54.58s,72.88179762391493,2.3950784283559674,21.0318183899,,,,,,,,,,
1635721458409799680,Gaia DR2 305019373248045312,29.798687959385724,33.348455590972144,01h59m11.69s,33d20m54.44s,1116.9581281482413,2.9434807662439932,18.0682735443,547.4158348591747,9.635042175108001,18.5055942535,833.3350129928642,12.433102480298444,17.4598712921,1.2361706495,1.0457229614,0.4373207092,0.6084022522
1635721458409799680,Gaia DR2 305019403312424960,29.80320148448636,33.36022125976146,01h59m12.77s,33d21m36.80s,194.6745507217952,1.747106508340226,19.9650936127,31.43402953506299,8.830499235106492,21.6078872681,210.0512928758732,14.254333913359773,18.9561061859,1.2404565811,2.6517810822,1.6427936554,1.0089874268
1635721458409799680,Gaia DR2 305019059716555392,29.778876620178885,33.34435859654479,01h59m06.93s,33d20m39.69s,120.12572494229538,1.770828536229561,20.4892749786,,,,,,,,,,
1635721458409799680,Gaia DR2 305019643830240384,29.77061213942666,33.36549685775037,01h59m04.95s,33d21m55.79s,6339.878999669743,6.575664453933331,16.1831626892,3126.2636964081375,19.105326098724444,16.6138248444,4595.5173159659735,16.311284046103406,15.6060838699,1.2179697752,1.0077409744,0.4306621552,0.5770788193
1635721458409799680,Gaia DR2 305019643833282816,29.769072963533993,33.3655873654724,01h59m04.58s,33d21m56.11s,1012.957128152649,2.5942095784159656,18.1743888855,530.6813369906654,11.095436533953437,18.5393028259,743.3861754960275,15.77013112956605,17.5838832855,1.2577704191,0.9554195404,0.3649139404,0.5905056
1635721458409799680,Gaia DR2 305019403312062592,29.808352852337176,33.353864465940916,01h59m14.00s,33d21m13.91s,443.72621881338813,2.0481756430577316,19.0705776215,218.67160669177116,12.879820860526964,19.5019073486,309.8920993865501,6.160607382631561,18.5338935852,1.1911933422,0.9680137634,0.4313297272,0.5366840363
1635721458409799680,Gaia DR2 305019575110767872,29.802621349203882,33.37132822657257,01h59m12.63s,33d22m16.78s,355.15807967901867,2.2357786667115906,19.3123111725,117.19737785244612,14.47491127135886,20.1790943146,355.82690564733656,10.154993681892243,18.3838233948,1.3318697214,1.7952709198,0.8667831421,0.9284877777
1635721458409799680,Gaia DR2 305019064010426368,29.770154842214918,33.345870181360134,01h59m04.84s,33d20m45.13s,80.65505928748162,1.7625108380677978,20.921787262,43.16036635445803,32.14734431973231,21.2636756897,37.19108688118193,7.979764970307529,20.8358230591,0.9962357283,0.4278526306,0.3418884277,0.0859642029
1635721458409799680,Gaia DR2 305018990995191296,29.786457559261272,33.338612566800954,01h59m08.75s,33d20m19.01s,465.57339556961466,2.261745094185208,19.0183944702,264.3054247605985,7.831533482445783,19.2961235046,325.1849161638125,10.260653605402851,18.4815940857,1.2661598921,0.8145294189,0.2777290344,0.5368003845
1635721458409799680,Gaia DR2 305019270168829824,29.76423855856504,33.36089227532489,01h59m03.42s,33d21m39.21s,59126.54300327076,22.94938515736704,13.7589092255,31784.528704963395,51.12199189450983,14.0958490372,39426.265978963376,80.60500282758076,13.2724561691,1.2043794394,0.823392868,0.3369398117,0.4864530563
1635721458409799680,Gaia DR2 305019712553716992,29.770283837789723,33.374667058065235,01h59m04.87s,33d22m28.80s,104.9575977742667,1.9221560969128226,20.6358318329,35.02182206353061,6.841406850261026,21.4905414581,154.70695795543327,22.29552374757585,19.2881450653,1.8076707125,2.2023963928,0.8547096252,1.3476867676
1635721458409799680,Gaia DR2 305019678189988608,29.773935529365136,33.376876952077936,01h59m05.74s,33d22m36.76s,144.11897825352213,1.9075974775627627,20.2915630341,74.78455807970833,12.514128757167935,20.6668586731,97.33878620021245,16.53049600631429,19.7912044525,1.1943142414,0.8756542206,0.375295639,0.5003585815
1635721458409799680,Gaia DR2 305019334592592768,29.760070493846257,33.363270354550274,01h59m02.42s,33d21m47.77s,797.2789367217212,3.1202815851549177,18.4343395233,430.6000994911993,10.844181139795106,18.7662029266,533.8549412857171,16.66574547018535,17.9433612823,1.2096832991,0.8228416443,0.3318634033,0.490978241
1635721458409799680,Gaia DR2 305019265873111296,29.756284990897832,33.35638608700679,01h59m01.51s,33d21m22.99s,254.62982996192176,1.992240223789724,19.6735916138,87.6921037143576,15.665349520564655,20.4939861298,251.53807100968277,10.462834665241274,18.7604103088,1.3322483301,1.7335758209,0.820394516,0.9131813049
1635721458409799680,Gaia DR2 305019575110768896,29.8130738788684,33.373009222791886,01h59m15.14s,33d22m22.83s,229.29019619724727,1.6363855268900869,19.7874011993,70.41093198356123,10.887667200110906,20.7322883606,267.29862155375247,11.22201284981819,18.6944274902,1.4728478193,2.0378608704,0.9448871613,1.0929737091
1635721458409799680,Gaia DR2 305018613038067456,29.8067893231597,33.33632158604816,01h59m13.63s,33d20m10.76s,73.32323463452913,2.2697924989694545,21.0252609253,,,,,,,,,,
1635721458409799680,Gaia DR2 305019334592589056,29.75465811974014,33.35809406811504,01h59m01.12s,33d21m29.14s,1075.6062458507047,2.3933667258290625,18.1092319489,351.09077665529907,17.815657606722755,18.9878387451,1052.6160825464478,13.124043734580173,17.2062454224,1.3050378561,1.7815933228,0.8786067963,0.9029865265
1635721458409799680,Gaia DR2 305018617333104000,29.797592168264675,33.33140641463824,01h59m11.42s,33d19m53.06s,173.1325749432805,2.5899147825090196,20.0924186707,,,,,,,,,,
1635721458409799680,Gaia DR2 305018617333802112,29.79787670457023,33.33144048747325,01h59m11.49s,33d19m53.19s,816.5220775438759,2.6210787040332963,18.4084453583,374.46528702863367,9.49161649752428,18.9178600311,879.0059736933487,11.076154415786059,17.4019412994,1.5351345539,1.5159187317,0.5094146729,1.0065040588
1635721458409799680,Gaia DR2 305019746911316736,29.770420805634025,33.38178375610615,01h59m04.90s,33d22m54.42s,69.06004849961707,2.0163811566606866,21.090297699,,,,,,,,,,
1635721458409799680,Gaia DR2 305019746909471104,29.77576550775435,33.38417722248922,01h59m06.18s,33d23m03.04s,231.159569495104,2.2425658813404716,19.778585434,73.15161771037648,19.234716739312805,20.6908283234,288.9131400036556,14.241436938369338,18.6100025177,1.5662978888,2.0808258057,0.9122428894,1.1685829163
1635721458409799680,Gaia DR2 305018651693540096,29.816956020363932,33.34353254784689,01h59m16.07s,33d20m36.72s,28525.07993954201,12.208738606141901,14.5502986908,13535.098543689364,49.18608704032729,15.022734642,21578.324983798997,23.682073997916042,13.9268760681,1.2309666872,1.0958585739,0.4724359512,0.6234226227
1635721458409799680,Gaia DR2 305019025356802176,29.760687201677644,33.33990044615192,01h59m02.56s,33d20m23.64s,70.00785640595106,1.8652252122118298,21.0754985809,,,,,,,,,,
1635721458409799680,Gaia DR2 305019781269551232,29.785899173268284,33.38692570949194,01h59m08.62s,33d23m12.93s,80.53572733092666,1.8842574936058722,20.9233951569,41.144695880719134,17.46260753166131,21.3156032562,70.67129883654488,15.188195069701674,20.1388130188,1.3884023428,1.1767902374,0.3922080994,0.7845821381
1635721458409799680,Gaia DR2 305018647397806592,29.815345568130983,33.33773751775653,01h59m15.68s,33d20m15.86s,190.56031018375654,2.0157753791050066,19.9882850647,101.26529772321047,12.351649051916107,20.3377361298,130.1865071616185,5.721683137220978,19.4755058289,1.2145855427,0.8622303009,0.3494510651,0.5127792358
1635721458409799680,Gaia DR2 305018613038063488,29.80418008400888,33.329249421254396,01h59m13.00s,33d19m45.30s,257.24077953344835,1.8396332050732416,19.6625156403,93.28894491222803,3.962724154356611,20.4268131256,255.26712232737992,7.396860186769214,18.7444324493,1.3549798727,1.6823806763,0.7642974854,0.9180831909
1635721458409799680,Gaia DR2 305018754772753920,29.827092001078782,33.357254204487546,01h59m18.50s,33d21m26.12s,808.6649843206081,2.875179043176375,18.4189434052,383.22593668076695,8.315846500265737,18.8927516937,642.3727414661464,11.259630299604677,17.7424526215,1.2682615519,1.1502990723,0.4738082886,0.6764907837
1635721458409799680,Gaia DR2 305019751205164032,29.768721594195856,33.38981993175583,01h59m04.49s,33d23m23.35s,16075.75822132142,9.380849010487035,15.1729373932,8324.4278696826,28.399369417557235,15.5505018234,11218.127248935469,26.711026765223373,14.6371192932,1.2156536579,0.9133825302,0.3775644302,0.5358181
1635721458409799680,Gaia DR2 305018235080936960,29.788778961455982,33.322118745954285,01h59m09.31s,33d19m19.63s,405.1990027946615,1.9899877078690371,19.1691951752,122.02812948652485,14.870800131970974,20.1352386475,414.79709777416707,11.506297987555808,18.2173309326,1.3248434067,1.9179077148,0.9660434723,0.9518642426
1635721458409799680,Gaia DR2 305019854284378496,29.78910773385581,33.39430364322569,01h59m09.39s,33d23m39.49s,5848.874430846632,5.075406912109547,16.2706851959,3339.9474648329556,25.950082638588754,16.5420398712,3743.6610878158103,19.05282181010015,15.8286790848,1.2111063004,0.7133607864,0.2713546753,0.4420061111
1635721458409799680,Gaia DR2 305018544318587136,29.816934996628323,33.32991189356343,01h59m16.06s,33d19m47.68s,252.39405874036873,1.843437076797348,19.6831684113,104.8076804151005,14.933474956213534,20.3004055023,319.1565509508797,10.532468412594255,18.5019111633,1.6797710657,1.798494339,0.6172370911,1.1812572479
1635721458409799680,Gaia DR2 305018750477038208,29.83242694207977,33.35911312003148,01h59m19.78s,33d21m32.81s,3357.533496356637,4.865631276829031,16.8733139038,1932.9831764895278,28.183815758860675,17.1358184814,2179.82014574921,15.980615335572432,16.4158687592,1.2249478102,0.7199497223,0.2625045776,0.4574451447
1635721458409799680,Gaia DR2 305031085627116288,29.74622037946661,33.3726789171657,01h58m59.09s,33d22m21.64s,93.94524255954938,1.6790967776888486,20.7561779022,32.36017306639435,9.71081222090112,21.5763607025,115.64988700837591,13.26884077653227,19.604057312,1.5754928589,1.9723033905,0.8201828003,1.1521205902
1635721458409799680,Gaia DR2 305018960931186432,29.782008504368484,33.320064946127225,01h59m07.68s,33d19m12.23s,16866.154343265065,7.627117596981409,15.1208257675,9628.826787775108,25.90907995956445,15.392455101,10639.462575274934,28.966336629912742,14.6946210861,1.2017136812,0.6978340149,0.2716293335,0.4262046814
1635721458409799680,Gaia DR2 305018235080934528,29.790566507821435,33.319470076073614,01h59m09.74s,33d19m10.09s,1199.2995670549954,2.5142388917329086,17.9910469055,468.92972431411033,28.584928503000572,18.6736183167,1147.5624312746188,11.00570342953266,17.1124782562,1.347863555,1.5611400604,0.6825714111,0.8785686493
1635721458409799680,Gaia DR2 305019540751033600,29.82973014965902,33.37554733437644,01h59m19.14s,33d22m31.97s,1092.7565519905675,2.450167028738143,18.0920562744,455.19228013398924,6.287835799838107,18.7059001923,922.2759035994444,15.697685544159606,17.3497676849,1.2605444193,1.3561325073,0.6138439178,0.7422885895
1635721458409799680,Gaia DR2 305018235080934784,29.804108818723325,33.32000125775833,01h59m12.99s,33d19m12.00s,220.73385540685803,1.86900196998454,19.8286933899,81.83605483395262,4.51895776862261,20.569026947,319.4839503434993,8.049801229533767,18.5007972717,1.8181171417,2.0682296753,0.7403335571,1.3278961182
1635721458409799680,Gaia DR2 305031463580255744,29.751838445234213,33.38533732089453,01h59m00.44s,33d23m07.21s,1230.3727258690128,3.0438804124667973,17.9632740021,708.6714922902115,21.803810661691724,18.2252750397,857.2168009592424,8.679142417359062,17.4291934967,1.2726942301,0.796081543,0.2620010376,0.5340805054
1635721458409799680,Gaia DR2 305019304528568320,29.738693025276287,33.36310618269985,01h58m57.29s,33d21m47.18s,3214.8553515855037,3.9690317980141208,16.9204616547,1673.5564858305409,22.677637533277238,17.2922878265,2261.8842050492985,24.399387820503016,16.375743866,1.2241424322,0.9165439606,0.3718261719,0.5447177887
1635721458409799680,Gaia DR2 305031085623117312,29.738959653578373,33.36642952890605,01h58m57.35s,33d21m59.15s,206.5029318970821,1.5434033450994922,19.9010505676,87.75425427384225,11.286097271075967,20.4932174683,181.8897331825801,12.10417761870588,19.1124000549,1.305763483,1.3808174133,0.5921669006,0.7886505127
1635721458409799680,Gaia DR2 305019128434514048,29.745492675118143,33.33440497789816,01h58m58.92s,33d20m03.86s,165.5606959958447,1.7903336137407289,20.1409721375,159.99237056021573,69.37122548465084,19.8411407471,217.62791798071237,9.638907187093205,18.9176330566,2.2808570862,0.9235076904,-0.2998313904,1.2233390808
1635721458409799680,Gaia DR2 305019884348435328,29.795665170040596,33.399887186686506,01h59m10.96s,33d23m59.59s,285.75875054810274,1.797189556984018,19.5483665466,62.79879962213008,16.678053792629072,20.8565101624,403.9598076059588,17.383680568867256,18.2460746765,1.6334009171,2.6104354858,1.3081436157,1.3022918701
1635721458409799680,Gaia DR2 305018789132491776,29.838811517243727,33.37157815935176,01h59m21.31s,33d22m17.68s,10568.061412276673,8.266225935872793,15.6283769608,5548.583698767166,11.48286258227388,15.9909324646,7304.656639297181,20.263888920555324,15.1029205322,1.2162344456,0.8880119324,0.3625555038,0.5254564285
1635721458409799680,Gaia DR2 305031089918827648,29.739600894700413,33.38024965553345,01h58m57.50s,33d22m48.90s,698.8089913891882,2.1345284954550507,18.5774688721,98.30642569203549,10.556985045975788,20.369934082,959.892335086941,8.211119498527475,17.3063640594,1.5142890215,3.0635700226,1.79246521,1.2711048126
1635721458409799680,Gaia DR2 305018544318577664,29.81151010344862,33.31609259421382,01h59m14.76s,33d18m57.93s,394.76248866145,2.541053836911908,19.1975269318,117.70477193866027,4.763255137601657,20.1744022369,482.2164871752618,8.81021357648635,18.0538139343,1.5197018385,2.1205883026,0.9768753052,1.1437129974
1635721458409799680,Gaia DR2 305031463580258176,29.744831374576542,33.388902941113166,01h58m58.76s,33d23m20.05s,328.86646227092683,1.7039840394662422,19.395816803,154.39671604632193,13.588470352595591,19.8797931671,235.3305940305804,12.695617861423557,18.8327236176,1.1850625277,1.0470695496,0.4839763641,0.5630931854
1635721458409799680,Gaia DR2 305031605314899584,29.771302169725036,33.40381110810057,01h59m05.11s,33d24m13.72s,8780.238030475588,9.487268174330497,15.8296003342,3069.3068926965148,23.54468339507038,16.6337871552,8439.23554820363,31.77578580324966,14.9461622238,1.3107323647,1.6876249313,0.804186821,0.8834381104
1635721458409799680,Gaia DR2 305019197153627264,29.73162058236365,33.345888542178784,01h58m55.59s,33d20m45.20s,608.4375851395461,2.073909604249518,18.7278251648,234.82042648357847,12.722368747123733,19.4245491028,572.1822232845687,16.29347877616794,17.8680839539,1.3263523579,1.5564651489,0.696723938,0.8597412109
1635721458409799680,Gaia DR2 305018853556604928,29.759437164163682,33.31568169027746,01h59m02.26s,33d18m56.45s,126.30647208217657,1.9598688026188023,20.4348011017,57.01612612523633,11.477919420460536,20.9613933563,117.39268178471443,10.959462838399165,19.5878181458,1.380838275,1.3735752106,0.5265922546,0.8469829559
1635721458409799680,Gaia DR2 305019128434139264,29.74070741453103,33.32906266742029,01h58m57.77s,33d19m44.63s,695.2822265828896,2.3547754397841576,18.5829620361,154.0905874060709,14.720115736300501,19.8819484711,875.5175400811306,11.512525805738061,17.4062576294,1.4808491468,2.4756908417,1.2989864349,1.1767044067
1635721458409799680,Gaia DR2 305018200723099648,29.783255045909332,33.30932201890053,01h59m07.98s,33d18m33.56s,119.31220426182126,1.7107214397419397,20.4966526031,70.17708908393885,11.150587551877152,20.7358989716,119.20436304005278,11.179364231734972,19.5711898804,1.5872764587,1.1647090912,0.2392463684,0.9254627228
1635721458409799680,Gaia DR2 305018205016943232,29.78292011411637,33.30838359100182,01h59m07.90s,33d18m30.18s,1369.959712732299,2.6552411618975142,17.8465957642,713.644793766294,17.458038923858144,18.2176837921,979.7958252513995,13.019387507115397,17.2840805054,1.2361243963,0.9336032867,0.371088028,0.5625152588
1635721458409799680,Gaia DR2 305018200721189120,29.792903562979006,33.30842488572925,01h59m10.30s,33d18m30.33s,197.58860234364872,1.5824391773648694,19.9489612579,67.27054851120937,8.754411021607948,20.7818260193,219.20117110237322,12.088622139571093,18.9098129272,1.4498392344,1.872013092,0.8328647614,1.0391483307
1635721458409799680,Gaia DR2 305019128434136832,29.74155552920176,33.32554943068937,01h58m57.97s,33d19m31.98s,793.0059565733926,3.1778460785142544,18.4401741028,274.67679520464,25.30268249661764,19.2543334961,842.6613667724846,14.469405681407457,17.4477863312,1.40899086,1.8065471649,0.8141593933,0.9923877716
1635721458409799680,Gaia DR2 305021018220133120,29.83479345711732,33.39206181999707,01h59m20.35s,33d23m31.42s,396.69658930283526,2.253351235831179,19.1922187805,87.43875929187483,14.726277384732809,20.497127533,524.7200494024866,13.411058771238356,17.9621009827,1.5431411266,2.5350265503,1.3049087524,1.2301177979
1635721458409799680,Gaia DR2 305019819924637696,29.807234033433193,33.4074370729421,01h59m13.74s,33d24m26.77s,4965.694124446402,5.015527064787232,16.4484157562,1377.2309799260424,17.58647051156406,17.5038719177,5406.335681455536,33.16692294891717,15.4296627045,1.3660862446,2.0742092133,1.0554561615,1.0187530518
1635721458409799680,Gaia DR2 305030948184514688,29.725507483343684,33.350200847981235,01h58m54.12s,33d21m00.72s,103.60380458025548,1.4552622758854834,20.6499271393,40.03997003159634,8.743100042637465,21.3451538086,114.8942211852197,7.1561317324871885,19.6111736298,1.4954488277,1.7339801788,0.6952266693,1.0387535095
1635721458409799680,Gaia DR2 305031601019226368,29.773253057825,33.409109061018654,01h59m05.58s,33d24m32.79s,753.0455185259257,2.2612067432580765,18.4963130951,191.00322251989311,19.76870031295423,19.6487865448,970.0004193550953,16.526088307280602,17.2949905396,1.5417443514,2.3537960052,1.1524734497,1.2013225555
1635721458409799680,Gaia DR2 305018716117288448,29.848722273633488,33.34464923252754,01h59m23.69s,33d20m40.74s,375.0514398548631,1.8366478828988526,19.2531394958,89.726004675359,13.335485999450261,20.4690914154,503.39199690022286,11.132617365425745,18.0071544647,1.5814310312,2.4619369507,1.2159519196,1.2459850311
1635721458409799680,Gaia DR2 305018857851275776,29.76039036428911,33.31001546739449,01h59m02.49s,33d18m36.06s,142.0518003056102,1.8961282189022792,20.3072490692,24.32422202663328,7.095556293813527,21.8862915039,224.6466161759573,8.066769714374697,18.8831710815,1.7526763678,3.0031204224,1.5790424347,1.4240779877
1635721458409799680,Gaia DR2 305018338160145664,29.821939559685017,33.312622409586595,01h59m17.27s,33d18m45.44s,1525.7283911378004,3.6520045168824073,17.7296733856,561.8845079603517,9.211230569854887,18.4772701263,1440.819465348502,8.27063396998921,16.8653964996,1.3126215935,1.6118736267,0.7475967407,0.864276886
1635721458409799680,Gaia DR2 305031570955160960,29.75634799686858,33.406408473852935,01h59m01.52s,33d24m23.07s,26612.432307551982,18.189986296814645,14.6256542206,11783.916416392174,42.933161576786205,15.1731643677,21386.4604261764,67.5237844219672,13.9365730286,1.2464240789,1.2365913391,0.5475101471,0.689081192
1635721458409799680,Gaia DR2 305021086939277696,29.83329066683212,33.399593045086874,01h59m19.99s,33d23m58.53s,139.62142209353973,1.5722983913619422,20.3259849548,58.12245217274521,15.16141614663901,20.9405288696,111.80013702384002,12.860047356205037,19.6408138275,1.2170237303,1.2997150421,0.6145439148,0.6851711273
1635721458409799680,Gaia DR2 305018716117293056,29.85513814600806,33.352165734070574,01h59m25.23s,33d21m07.80s,209.88359142395103,1.9029836681203234,19.8834190369,90.31056761574929,7.227851759467024,20.4620418549,182.31153378256698,13.078827356993555,19.1098842621,1.2989205122,1.3521575928,0.578622818,0.7735347748
1635721458409799680,Gaia DR2 305019094074397824,29.732674141398967,33.323536599119734,01h58m55.84s,33d19m24.73s,1050.3131951209175,3.0947256174490274,18.1350688934,503.99544955149514,17.378399760514753,18.5953216553,803.3924349289675,7.5401193304709295,17.4996013641,1.2447600365,1.0957202911,0.4602527618,0.6354675293
1635721458409799680,Gaia DR2 305031566659483520,29.74568628502627,33.403994434136756,01h58m58.96s,33d24m14.38s,1283.0252595446898,3.064826564925258,17.9177780151,678.2234546666264,11.982622552793496,18.2729568481,893.5505121257411,3.7318335296371807,17.3841228485,1.225053072,0.8888339996,0.355178833,0.5336551666
1635721458409799680,Gaia DR2 305018166361445888,29.80365325999825,33.30140481668856,01h59m12.88s,33d18m05.06s,249.54265897836743,1.8582668062358658,19.6955032349,70.51493411729356,25.433320895406087,20.7306861877,314.9715598663145,7.265099501365448,18.5162410736,1.5447719097,2.2144451141,1.0351829529,1.1792621613
1635721458409799680,Gaia DR2 305031119984681600,29.721599282261657,33.37814892177558,01h58m53.18s,33d22m41.34s,133.51708741593538,1.6162812913964453,20.3745231628,63.852128209593694,21.34524906703102,20.8384494781,195.7315692220694,20.870332271436737,19.0327682495,1.94419837,1.8056812286,0.4639263153,1.3417549133
1635721458409799680,Gaia DR2 305021121299016448,29.83851670194048,33.400128279165344,01h59m21.24s,33d24m00.46s,294.57373426276246,1.7363217819459242,19.5153808594,181.72079264997643,18.520570877410716,19.7028770447,231.3325363442754,14.557174902550418,18.8513278961,1.4022068977,0.8515491486,0.1874961853,0.6640529633
1635721458409799680,Gaia DR2 305021361817198208,29.807435185593587,33.415765708895215,01h59m13.78s,33d24m56.76s,180.3811454927277,1.6695927243985518,20.0478878021,90.74549145498635,8.867720735974697,20.4568252563,135.83955522317947,14.776691300437609,19.429353714,1.2561459541,1.0274715424,0.4089374542,0.6185340881
1635721458409799680,Gaia DR2 305031674034374400,29.760362452252327,33.414252970514504,01h59m02.49s,33d24m51.31s,221.41189982803752,1.7589279310587098,19.8253631592,120.69334202593038,31.625853867801627,20.1471805573,375.5962134266665,10.575615153772908,18.3251171112,2.2414765358,1.822063446,0.3218173981,1.500246048
1635721458409799680,Gaia DR2 305017960203016960,29.82008882102344,33.302895533923,01h59m16.82s,33d18m10.42s,560.8794748052678,2.676801368596389,18.816192627,295.8028855617982,10.713910833800181,19.1738815308,390.5050358210221,16.946791163766594,18.2828540802,1.2236281633,0.8910274506,0.3576889038,0.5333385468
1635721458409799680,Gaia DR2 305019987427613312,29.862114602052873,33.35229820602375,01h59m26.91s,33d21m08.27s,2065.5895319448064,3.1658711928079977,17.4007549286,755.2950619127838,7.3179039314383365,18.1560974121,1906.6862529132377,16.10364077664167,16.5612220764,1.2887271643,1.5948753357,0.7553424835,0.8395328522
1635721458409799680,Gaia DR2 305031570955159424,29.754576384968242,33.41400707772976,01h59m01.10s,33d24m50.43s,3438.0867290747383,4.601966708697929,16.847574234,1437.154541165543,18.565621882727257,17.4576301575,2925.670592035423,23.814667252348983,16.0963573456,1.2689689398,1.3612728119,0.6100559235,0.7512168884
1635721458409799680,Gaia DR2 305031536595422976,29.73805025835717,33.40493368305681,01h58m57.13s,33d24m17.76s,3590.9643866374377,4.200370627862781,16.8003387451,1457.080302701514,12.108741109439432,17.4426803589,3088.819757223502,17.69501162537748,16.0374393463,1.2659273148,1.4052410126,0.6423416138,0.7628993988
1635721458409799680,Gaia DR2 305031119982863744,29.714894562261502,33.37509257207293,01h58m51.57s,33d22m30.33s,378.7688045909221,2.2483096512931944,19.2424297333,209.57207001312915,15.107471728121796,19.5480537415,261.1277156210822,5.443686317465738,18.7197875977,1.2427099943,0.8282661438,0.3056240082,0.5226421356
1635721458409799680,Gaia DR2 305020296665281024,29.85924074343301,33.378832935045985,01h59m26.22s,33d22m43.80s,7062.241093436542,6.8720123937648365,16.0660095215,3177.8570701803937,13.075700124647474,16.5960521698,5678.584982339558,16.54887009388777,15.3763198853,1.2540555,1.2197322845,0.5300426483,0.6896896362
1635721458409799680,Gaia DR2 305031635378973952,29.778515251565413,33.420947952436414,01h59m06.84s,33d25m15.41s,1169.1252166808827,2.692424120606834,18.0187129974,208.7110643320692,11.521546158216726,19.5525245667,1636.997399726933,16.093978551169844,16.7268009186,1.5787090063,2.8257236481,1.5338115692,1.2919120789
1635721458409799680,Gaia DR2 305018101937728768,29.764251774670647,33.2965278133665,01h59m03.42s,33d17m47.50s,10722.069534939612,6.599407141648137,15.6126689911,5234.973638980678,28.15484601518399,16.054101944,7942.415373958546,20.392099997588073,15.0120382309,1.2289967537,1.0420637131,0.4414329529,0.6006307602
1635721458409799680,Gaia DR2 305018033218252160,29.783752536739602,33.29331746694386,01h59m08.10s,33d17m35.94s,35172.596304132676,12.98270247552109,14.3228549957,18099.153405204495,60.57047636204654,14.7072429657,24602.957964111763,26.035793075283312,13.7844514847,1.2140733004,0.922791481,0.38438797,0.538403511
1635721458409799680,Gaia DR2 305031635382932352,29.77939382667138,33.42225345389648,01h59m07.05s,33d25m20.11s,213.4746250239962,1.7496258388082508,19.8649997711,62.44683208837721,8.43588802443853,20.8626117706,261.29808963063493,12.48900312135531,18.7190799713,1.5165499449,2.1435317993,0.9976119995,1.1459197998
1635721458409799680,Gaia DR2 305020296665284096,29.85967082141364,33.38339996796812,01h59m26.32s,33d23m00.24s,83.45250365707278,2.2177465725108325,20.8847675323,72.6266476096322,22.704800685407527,20.6986484528,66.20986824400288,17.655824439703462,20.2096138,1.6636590958,0.4890346527,-0.1861190796,0.6751537323
1635721458409799680,Gaia DR2 305021052581426560,29.84701752717967,33.40064336956558,01h59m23.28s,33d24m02.32s,106.40309027549188,1.7741585729535922,20.6209793091,32.99082046052214,5.064165621182558,21.5554046631,161.44704851594432,12.425310278647276,19.2418441772,1.8273705244,2.3135604858,0.934425354,1.3791351318
1635721458409799680,Gaia DR2 305018028922488704,29.786429787281136,33.29184702752348,01h59m08.74s,33d17m30.65s,501.3961343340795,2.1694015902093797,18.9379138947,267.1842350832269,14.089788096982454,19.2843608856,366.5029075293768,10.600657192297103,18.351726532,1.2638453245,0.9326343536,0.346446991,0.5861873627
1635721458409799680,Gaia DR2 305018132002207616,29.798836342712452,33.29237131454548,01h59m11.72s,33d17m32.54s,103.73249385341002,1.5212061949896403,20.6485786438,141.8466555083521,21.543995272732815,19.9718399048,114.73687861928468,8.478308217641665,19.612663269,2.4735116959,0.3591766357,-0.676738739,1.0359153748
1635721458409799680,Gaia DR2 305018303800408960,29.84924676404173,33.31609931621317,01h59m23.82s,33d18m57.96s,547.4640585860152,2.5237015575761963,18.8424758911,146.1920516590816,7.167350781424803,19.9390792847,637.2960712796922,13.801805611505273,17.7510662079,1.4311225414,2.1880130768,1.0966033936,1.0914096832
1635721458409799680,Gaia DR2 305031364796732544,29.720970412278234,33.39403097073083,01h58m53.03s,33d23m38.51s,3050.363035843562,4.39810707653956,16.9774875641,1695.689716171603,16.27881004443477,17.2780227661,2028.6053912237335,18.918788941291826,16.493927002,1.2209349871,0.7840957642,0.300535202,0.4835605621
1635721458409799680,Gaia DR2 305018819196475136,29.74754218674309,33.30021001545383,01h58m59.41s,33d18m00.76s,3573.252083630234,4.4774675036158555,16.8057060242,2017.6982654725095,28.107250968011947,17.0892467499,2357.026387052473,10.673381510584802,16.3310089111,1.2242977619,0.7582378387,0.2835407257,0.474697113
1635721458409799680,Gaia DR2 305021327457458688,29.829109303916667,33.41461647672114,01h59m18.99s,33d24m52.62s,990.5968354396782,2.7715526294737747,18.1986236572,384.6000992163152,5.260694718776999,18.8888645172,906.8649247552812,14.689924676443942,17.368062973,1.3037241697,1.5208015442,0.69024086,0.8305606842
1635721458409799680,Gaia DR2 305018819196475520,29.743730783739835,33.30110669070446,01h58m58.50s,33d18m03.98s,939.1012341816289,2.4781287906027885,18.2565841675,325.50992444698375,27.869908768467308,19.0699768066,1016.7009751229737,9.885963612251556,17.2439365387,1.4292504787,1.8260402679,0.8133926392,1.0126476288
1635721458409799680,Gaia DR2 305020193586052224,29.868210630361617,33.36427077205572,01h59m28.37s,33d21m51.37s,1755.859671613461,3.1783776601227505,17.5771408081,648.950634791803,12.619179832774032,18.3208599091,1579.342778542239,8.215193301469432,16.7657299042,1.2690612078,1.5551300049,0.743719101,0.8114109039
1635721458409799680,Gaia DR2 305018136297467392,29.794409004774504,33.29019589881362,01h59m10.66s,33d17m24.71s,7496.945078006174,7.1344643424951455,16.0011558533,4084.442661039125,24.191699220465686,16.3235569,5011.078067892955,16.01506713541325,15.5120916367,1.2132302523,0.8114652634,0.3224010468,0.4890642166
1635721458409799680,Gaia DR2 305021361817204992,29.80044889499715,33.42534422420636,01h59m12.11s,33d25m31.24s,114.93963662142492,1.814044794933301,20.537191391,61.392467799527374,5.1860978492979015,20.8810997009,77.01739043156506,13.427364551506942,20.0454483032,1.2041960955,0.8356513977,0.3439083099,0.4917430878
1635721458409799680,Gaia DR2 305018514254586496,29.866482252818013,33.33886798581264,01h59m27.96s,33d20m19.92s,1804.0497990030283,3.2339573389614644,17.547744751,888.11603786147,10.106574733834401,17.9802131653,1343.8111187756901,15.653168359277828,16.9410743713,1.2371760607,1.0391387939,0.4324684143,0.6066703796
1635721458409799680,Gaia DR2 305021361817203200,29.814272639048948,33.423080702828095,01h59m15.43s,33d25m23.09s,156.32410821166258,2.3439173204258448,20.2033004761,118.20895910088471,18.39698493748626,20.1697616577,118.8325846673875,6.509947829976991,19.5745811462,1.516346693,0.5951805115,-0.0335388184,0.6287193298
1635721458409799680,Gaia DR2 305018308096157568,29.848713359282737,33.3112404891182,01h59m23.69s,33d18m40.47s,444.83909300307346,2.2765064291883745,19.0678577423,83.70096044273697,15.080127750392824,20.5445613861,618.4311252088635,8.107518781974923,17.7836914062,1.5783956051,2.7608699799,1.4767036438,1.2841663361
1635721458409799680,Gaia DR2 305018441239375360,29.866249102592008,33.33606741174042,01h59m27.90s,33d20m09.84s,332.88578680231086,1.8443126214587762,19.3826274872,142.00076467339844,7.720600029746701,19.9706611633,286.7876656351204,9.683986200807222,18.618019104,1.288094759,1.3526420593,0.5880336761,0.7646083832
1635721458409799680,Gaia DR2 305030918120163968,29.70741531513337,33.33970511205343,01h58m49.78s,33d20m22.94s,125.15020352676758,1.6883663291629913,20.4447860718,36.5354166169317,10.33162644356169,21.4446029663,118.9258416383879,9.307881336475658,19.5737285614,1.2421973944,1.8708744049,0.9998168945,0.8710575104
1635721458409799680,Gaia DR2 305017960203010816,29.816864642252984,33.291711037179894,01h59m16.05s,33d17m30.16s,453.4739698895352,2.1095666464543674,19.0469856262,155.413921324941,11.573614432544776,19.8726634979,455.58161426313046,13.32561911518254,18.1155052185,1.347366333,1.7571582794,0.8256778717,0.9314804077
1635721458409799680,Gaia DR2 305030918120138240,29.705663808514384,33.33527749577381,01h58m49.36s,33d20m07.00s,12061.860753662579,8.329461833232257,15.4848299026,7022.631351903333,24.4313001873016,15.7351388931,7439.5109589153,22.240157133598768,15.0830593109,1.1989976168,0.6520795822,0.2503089905,0.4017705917
1635721458409799680,Gaia DR2 305030913824401920,29.70669976520815,33.33267740199322,01h58m49.61s,33d19m57.64s,669.3416863859486,2.4127355575861653,18.6242465973,227.69660359747581,17.45083941802119,19.4579963684,655.3467700618227,7.757952457344417,17.720741272,1.3192714453,1.7372550964,0.8337497711,0.9035053253
1635721458409799680,Gaia DR2 305031875898944384,29.749664617328257,33.422678516498834,01h58m59.92s,33d25m21.64s,104.73058110630038,2.0708445973035206,20.6381816864,48.71682877995668,14.464036787489169,21.1321907043,108.70839127188002,16.13790374783912,19.6712627411,1.5031447411,1.4609279633,0.4940090179,0.9669189453
1635721458409799680,Gaia DR2 305030982545708416,29.700989692886505,33.351453211401804,01h58m48.24s,33d21m05.23s,79.11151467278998,2.1310569791902654,20.9427661896,22.71428208631009,10.887510794797636,21.9606399536,82.60941869851614,12.015827615544717,19.9693470001,1.3313320875,1.9912929535,1.017873764,0.9734191895
1635721458409799680,Gaia DR2 305018819196471296,29.74486580164701,33.294437448301174,01h58m58.77s,33d17m39.97s,334.58845460266417,2.278650819956691,19.3770885468,105.07825287375772,14.795732267109534,20.2976055145,424.7657740950351,13.693336051137978,18.1915454865,1.5835694075,2.1060600281,0.9205169678,1.1855430603
1635721458409799680,Gaia DR2 305019987427620480,29.874611122915546,33.360878102057264,01h59m29.91s,33d21m39.16s,1259.3914942256129,3.1980989772818402,17.9379634857,462.93010783181614,10.141504734053099,18.6875991821,1153.9982443314311,6.837554933386564,17.1064071655,1.2838965654,1.5811920166,0.7496356964,0.8315563202
1635721458409799680,Gaia DR2 305031227357155712,29.701849619131266,33.371953308048695,01h58m48.44s,33d22m19.03s,81.90960426335629,2.0166091810839712,20.9050292969,68.00869955888525,21.80768550171673,20.7699775696,93.43252377460384,26.59236941554998,19.8356742859,1.9709681273,0.9343032837,-0.1350517273,1.069355011
1635721458409799680,Gaia DR2 305020296665288960,29.86770275774673,33.390087969161854,01h59m28.25s,33d23m24.32s,542.700660605595,2.2207266316493572,18.8519649506,260.2359592036647,16.613589504496566,19.3129692078,442.6366465447134,11.39464379380741,18.1468009949,1.2951387167,1.1661682129,0.4610042572,0.7051639557
1635721458409799680,Gaia DR2 305031364796111744,29.711634104773747,33.397369350743695,01h58m50.79s,33d23m50.53s,139.04532462613318,1.7409791594776514,20.3304748535,109.79073586257141,22.780828624851484,20.2499732971,191.9873974688736,13.683669787672965,19.0537376404,2.1703579426,1.1962356567,-0.0805015564,1.2767372131
1635721458409799680,Gaia DR2 305021155659088256,29.858597401386277,33.403485246146325,01h59m26.06s,33d24m12.55s,174.68014383378724,1.7940175006445906,20.0827560425,34.83443178779311,6.183396152297513,21.4963665009,266.6850298498534,11.188357159381352,18.6969242096,1.7261232138,2.7994422913,1.4136104584,1.3858318329
1635721458409799680,Gaia DR2 305007446123098112,29.702086862184977,33.33452581128953,01h58m48.50s,33d20m04.29s,1780.2908619651912,2.995551157533573,17.5621376038,969.2659313499372,16.630135027392587,17.8852806091,1193.1404859230784,12.394719258765504,17.0701904297,1.2146365643,0.8150901794,0.3231430054,0.4919471741
1635721458409799680,Gaia DR2 305018063284135808,29.76964380764913,33.28413622882824,01h59m04.71s,33d17m02.89s,82.23281470995704,1.9324116689668906,20.9007530212,39.824838772299024,3.763893290732008,21.3510036469,101.02282842069073,7.277186723887419,19.7508716583,1.7127915621,1.6001319885,0.4502506256,1.1498813629
1635721458409799680,Gaia DR2 305021396178790400,29.81316949900378,33.42997023478686,01h59m15.16s,33d25m47.89s,121.39714711887505,1.645010148567721,20.4778442383,45.99935632650172,25.625076222155993,21.1945095062,175.02419229163092,12.734539545140429,19.1541748047,1.8206651211,2.0403347015,0.7166652679,1.3236694336
1635721458409799680,Gaia DR2 305030982543888128,29.698178808155333,33.347318648867635,01h58m47.56s,33d20m50.35s,249.49537503969242,2.123883220979212,19.6957092285,85.82309723324214,18.86226473006146,20.5173778534,293.2732088160496,12.774962074328805,18.5937385559,1.5194522142,1.9236392975,0.8216686249,1.1019706726
1635721458409799680,Gaia DR2 305033112847735552,29.78816754118525,33.433455919186166,01h59m09.16s,33d26m00.44s,1403.8369852083638,3.5739711466711355,17.8200740814,671.9167332414615,15.100609223341781,18.2831001282,1001.9038284195256,3.3947553970227853,17.2598552704,1.1923183203,1.0232448578,0.4630260468,0.560218811
1635721458409799680,Gaia DR2 305031364796732160,29.71030705294754,33.39826078350728,01h58m50.47s,33d23m53.74s,37951.249033438165,15.355821048458973,14.2403001785,15028.905287969452,31.946646977538972,14.909070015,32995.24002305033,53.918539049113406,13.4657917023,1.2654167414,1.4432783127,0.6687698364,0.7745084763
1635721458409799680,Gaia DR2 305031704098461696,29.77429651113755,33.43354401241335,01h59m05.83s,33d26m00.76s,433.93586788191726,2.089674918062055,19.0948009491,126.45726031100452,14.399657213961161,20.096529007,518.6812987152787,13.013393679890703,17.9746685028,1.4867141247,2.1218605042,1.0017280579,1.1201324463
1635721458409799680,Gaia DR2 304995699388312320,29.7113173746217,33.314733094351716,01h58m50.72s,33d18m53.04s,14661.499193125128,6.964361312402389,15.2729196548,7604.163727495306,22.08969861493283,15.6487598419,10240.627862426736,20.790784680568873,14.7361030579,1.2171192169,0.9126567841,0.3758401871,0.536816597
1635721458409799680,Gaia DR2 305030982543900032,29.69448606865454,33.36292395147048,01h58m46.68s,33d21m46.53s,685.2030421817911,2.5710928083517555,18.5988178253,350.3774733044098,19.230198527849367,18.9900474548,509.372738340254,16.488592324931975,17.9943313599,1.254737854,0.995716095,0.3912296295,0.6044864655
1635721458409799680,Gaia DR2 305021396176946816,29.824675133724796,33.42978031576014,01h59m17.92s,33d25m47.21s,1352.4680507581181,3.0588699139270936,17.8605480194,422.694285969597,26.958955340626186,18.78632164,1462.7734750783632,11.716674134785091,16.8489780426,1.3940941095,1.9373435974,0.9257736206,1.0115699768
1635721458409799680,Gaia DR2 305017822764048384,29.792885298167924,33.27910939002505,01h59m10.29s,33d16m44.79s,102.02327257132977,1.6116592291563179,20.6666183472,94.22657238073589,20.212175880296524,20.4159545898,97.94761234691032,9.176704386815606,19.7844352722,1.8836308718,0.6315193176,-0.2506637573,0.882183075
1635721458409799680,Gaia DR2 305031875897151104,29.74730867070777,33.430535832301345,01h58m59.35s,33d25m49.93s,1810.3105691484166,3.1885664253781187,17.5439834595,1050.5891320631029,36.61750682492766,17.7978057861,1268.60818611966,14.333795189032616,17.0036010742,1.2811046839,0.7942047119,0.2538223267,0.5403823853
1635721458409799680,Gaia DR2 305017930139038080,29.810258835056377,33.27993680686873,01h59m14.46s,33d16m47.77s,7441.767446572896,7.279765474749426,16.0091762543,3271.834924603475,32.628798183713656,16.564409256,6161.038687930223,21.014832048867973,15.2877855301,1.267558217,1.2766237259,0.5552330017,0.7213907242
1635721458409799680,Gaia DR2 304995420214645120,29.72416333767616,33.29742676296001,01h58m53.80s,33d17m50.74s,2681.8885827051004,10.822363696890797,17.1172637939,686.2908839641395,23.945722840687118,18.2601184845,3254.0670756727714,19.914769897616885,15.9808540344,1.4692474604,2.2792644501,1.1428546906,1.1364097595
1635721458409799680,Gaia DR2 305020331025477248,29.878060144849794,33.38753609304367,01h59m30.73s,33d23m15.13s,201.14890599371387,1.581451027044278,19.9295711517,72.72148892543777,6.709810384082482,20.6972312927,258.2921476808395,7.571817635097185,18.7316417694,1.6456148624,1.9655895233,0.767660141,1.1979293823
1635721458409799680,Gaia DR2 305019953068238208,29.884788242443474,33.3556464382934,01h59m32.35s,33d21m20.33s,124.94675411193768,1.682870599213278,20.446554184,39.165375013516076,8.05301986950044,21.3691329956,139.11444213174988,6.4624798330409625,19.4034900665,1.426846385,1.9656429291,0.9225788116,1.0430641174
1635721458409799680,Gaia DR2 305020404040190208,29.87089173306743,33.400478741096634,01h59m29.01s,33d24m01.72s,35982.80411617986,13.933197330930064,14.2981281281,16701.746558298575,58.64503039986707,14.7944831848,27893.72353635171,66.51517808308537,13.6481533051,1.2393550873,1.1463298798,0.4963550568,0.649974823
1635721458409799680,Gaia DR2 305020335320715136,29.877574068535647,33.38974111633625,01h59m30.62s,33d23m23.07s,5750.96679388905,5.156166342922824,16.2890129089,1723.9797423570385,8.303858055317155,17.2600574493,6049.770591958488,24.496853699340285,15.3075723648,1.3517292738,1.9524850845,0.9710445404,0.9814405441
1635721458409799680,Gaia DR2 305017822763848320,29.802736940460978,33.274433364697046,01h59m12.66s,33d16m27.96s,15512.081944468022,289.8884103390298,15.2116909027,9565.787852326483,135.87763450630257,15.3995866776,16791.688799266063,57.05404937976366,14.1991844177,1.6991579533,1.2004022598,0.1878957748,1.012506485
1635721458409799680,Gaia DR2 305033185862860672,29.77923083323131,33.44189709935151,01h59m07.02s,33d26m30.83s,1261.2047358546577,2.879554467408845,17.9364013672,373.1222399882481,35.7340670828416,18.9217605591,1746.2368371785792,34.744229513508174,16.6566619873,1.6804243326,2.2650985718,0.9853591919,1.2797393799
1635721458409799680,Gaia DR2 305033181569024768,29.7793409057872,33.442272318557116,01h59m07.04s,33d26m32.18s,233.75834865799752,2.3039199112340594,19.7664470673,,,,,,,,,,
1635721458409799680,Gaia DR2 305031192998043264,29.686882237158738,33.369329783875884,01h58m44.85s,33d22m09.59s,518.7471997956908,2.0706130521898385,18.900976181,251.73416884229823,13.11011329804594,19.3490333557,387.46783653868175,8.602059129913874,18.2913303375,1.2322032452,1.0577030182,0.4480571747,0.6096458435
1635721458409799680,Gaia DR2 305031807177662208,29.712494095915066,33.41520626484844,01h58m51.00s,33d24m54.74s,671.8611150649215,2.3606750915202253,18.6201667786,329.56150339822716,17.63882967737376,19.0565471649,758.1393222621755,22.110678299339387,17.5625476837,1.6189370155,1.4939994812,0.4363803864,1.0576190948
1635721458409799680,Gaia DR2 305021503551815680,29.824373455444547,33.437591629773515,01h59m17.85s,33d26m15.33s,1691.9390140162513,4.061924080087178,17.6174030304,586.2769874646252,14.925860530492265,18.4311313629,1677.9776823761504,18.307478417989397,16.6999549866,1.3382601738,1.7311763763,0.8137283325,0.9174480438
1635721458409799680,Gaia DR2 305017895779299456,29.830607715321104,33.28005137115715,01h59m19.35s,33d16m48.18s,406.400680407916,2.077628828862803,19.1659793854,169.73160542275156,16.051933850396793,19.7769813538,509.20175903461455,9.190057210783218,17.9946956635,1.6706010103,1.7822856903,0.6110019684,1.1712837219
1635721458409799680,Gaia DR2 305020124867046016,29.887537996979678,33.378171626945736,01h59m33.01s,33d22m41.42s,120.50791344381669,1.8028410117838307,20.4858264923,11.074644731273576,0.5724630736339674,22.7405643463,197.8499063512172,4.5544320582344415,19.0210800171,1.7336997986,3.7194843292,2.254737854,1.4647464752
1635721458409799680,Gaia DR2 305017998858515456,29.77171735412385,33.271734258219034,01h59m05.21s,33d16m18.24s,2588.017509753203,3.6092993226424688,17.1559486389,1158.36493316906,22.215316787122887,17.6917743683,2052.7180121490683,10.27878918358342,16.4810962677,1.2407500744,1.2106781006,0.5358257294,0.6748523712
1635721458409799680,Gaia DR2 305015456237873280,29.872676580721702,33.30723863434406,01h59m29.44s,33d18m26.06s,283.95084601577344,1.6965159163014403,19.5552577972,68.01665538445373,10.378323148004771,20.7698497772,358.73902263180247,7.854659780102167,18.3749732971,1.5029209852,2.3948764801,1.21459198,1.1802845001
1635721458409799680,Gaia DR2 305031841537416064,29.73440522802234,33.43316045841925,01h58m56.26s,33d25m59.38s,394.0741833952714,1.942936747057761,19.199420929,231.63464587727117,12.24775887290802,19.4393787384,283.9239597104171,15.163555087596889,18.6289157867,1.3082780838,0.8104629517,0.2399578094,0.5705051422
1635721458409799680,Gaia DR2 304995660732820224,29.70025331513673,33.30847615311168,01h58m48.06s,33d18m30.51s,261.6406094540691,2.4392455970246694,19.6441020966,180.6394978447642,15.579331550538821,19.709356308,145.12889626017466,10.729696225806862,19.3575344086,1.2450987101,0.3518218994,0.0652542114,0.286567688
1635721458409799680,Gaia DR2 305031914552541312,29.763520995457075,33.44369730940035,01h59m03.25s,33d26m37.31s,6146.322977771455,6.18234591236164,16.2168273926,3126.0908888973077,20.648907953025994,16.6138839722,4332.766078356243,32.52649991306256,15.670006752,1.2135478258,0.9438772202,0.3970565796,0.5468206406
1635721458409799680,Gaia DR2 305031291781566848,29.687835283019375,33.387591276135446,01h58m45.08s,33d23m15.33s,1498.7293533490881,3.408161103427422,17.7490577698,675.6295129517993,18.376379205326007,18.2771167755,1242.6336452320465,22.352037877761823,17.0260620117,1.2799263,1.2510547638,0.5280590057,0.7229957581
1635721458409799680,Gaia DR2 305019953067871616,29.892645825691556,33.34708894142791,01h59m34.23s,33d20m49.52s,2001.4662475478308,2.7411482512971443,17.4349956512,1042.9454017937821,9.410249515463805,17.8057346344,1434.8823660683338,18.50729316702545,16.8698787689,1.2380062342,0.9358558655,0.3707389832,0.5651168823
1635721458409799680,Gaia DR2 305007411763356288,29.686374217973185,33.32968168444453,01h58m44.73s,33d19m46.85s,163.27378967526062,1.6388189991655107,20.1560745239,136.91456514749302,17.860869854141445,20.010263443,113.31150400610382,3.986226490585038,19.6262340546,1.5325549841,0.3840293884,-0.1458110809,0.5298404694
1635721458409799680,Gaia DR2 305007519138309376,29.682184288516527,33.34200194516638,01h58m43.72s,33d20m31.21s,177.29615521728883,1.7241459622330644,20.0666179657,115.20658529643036,22.60333035937605,20.1976947784,160.1255367414882,11.817256716262301,19.2507686615,1.5529503822,0.9469261169,0.1310768127,0.8158493042
1635721458409799680,Gaia DR2 305031291781566976,29.686982819521166,33.38878151580958,01h58m44.88s,33d23m19.61s,936.5903873832384,2.8265291676017825,18.2594909668,402.47243375008287,6.23761122884531,18.839548111,771.4081766511537,19.260300168076796,17.5437088013,1.2533553839,1.2958393097,0.5800571442,0.7157821655
1635721458409799680,Gaia DR2 305031841537416704,29.730650510164732,33.43397373921693,01h58m55.36s,33d26m02.31s,612.3486001710608,2.2632073976066445,18.7208690643,269.1590150410631,18.189139824878367,19.2763652802,584.7670382804214,17.124782742229225,17.8444633484,1.3945096731,1.4319019318,0.5554962158,0.8764057159
1635721458409799680,Gaia DR2 305021430536692352,29.840013921573497,33.436126213707965,01h59m21.60s,33d26m10.05s,214.5596345771183,2.1654821402877715,19.859495163,69.21269905633373,10.34170870505398,20.7509231567,287.71178586396263,8.059608228403407,18.6145267487,1.6635211706,2.1363964081,0.8914279938,1.2449684143
1635721458409799680,Gaia DR2 305020434104581760,29.8822313436058,33.401143061555395,01h59m31.74s,33d24m04.12s,89.83106679764167,2.1615569110671444,20.8048000336,33.62498734298499,6.837930455593301,21.5347328186,107.61582600490125,27.54190712687628,19.6822299957,1.5722936392,1.8525028229,0.729932785,1.1225700378
1635721458409799680,Gaia DR2 305017994562733440,29.775810464870773,33.26796886065085,01h59m06.19s,33d16m04.69s,140.87015928670607,1.9154673271978098,20.316318512,55.71175824656839,12.148451018345597,20.9865207672,147.57918177067202,9.304114451065304,19.3393573761,1.4431085587,1.6471633911,0.6702022552,0.9769611359
1635721458409799680,Gaia DR2 305015456237910784,29.879964774232832,33.310044169334546,01h59m31.19s,33d18m36.16s,82.02175555226941,1.8770776083860081,20.9035434723,30.600183730443025,12.286244661621419,21.6370773315,80.3072886332319,10.408437091476863,20.0000324249,1.3521714211,1.6370449066,0.7335338593,0.9035110474
1635721458409799680,Gaia DR2 305007721001379584,29.677949313935756,33.35683981347184,01h58m42.71s,33d21m24.62s,114.47199772234097,1.8799574039325795,20.5416183472,77.08390564020424,31.005896736305353,20.6339797974,102.5089881836979,12.428105870740687,19.7350158691,1.568880558,0.8989639282,0.0923614502,0.806602478
1635721458409799680,Gaia DR2 305007411763350784,29.687037035788695,33.320885868735665,01h58m44.89s,33d19m15.19s,1211.3483426104135,2.6069255218242686,17.9801921844,720.9698654001727,21.758116425727824,18.2065944672,758.3313570296837,12.696703832680297,17.5622730255,1.2212021351,0.6443214417,0.2264022827,0.4179191589
1635721458409799680,Gaia DR2 305019957363622528,29.897260917690822,33.35970552152027,01h59m35.34s,33d21m34.94s,122.32688990587074,1.6659315806098807,20.4695606232,63.223859774363106,6.452517001820001,20.8491859436,109.06490340559036,10.01004422182747,19.6677074432,1.4084291458,1.1814785004,0.3796253204,0.8018531799
1635721458409799680,Gaia DR2 304994526861428736,29.76133094094161,33.26860036530802,01h59m02.72s,33d16m06.96s,2199.3121826036813,3.572075958328805,17.332649231,909.3354460037673,21.124951910110568,17.9545783997,1868.4568886110458,7.387229005099547,16.5832118988,1.2630277872,1.3713665009,0.6219291687,0.7494373322
1635721458409799680,Gaia DR2 305015318798921728,29.852337885362935,33.28280472370873,01h59m24.56s,33d16m58.10s,996.4457801481961,2.57390364553392,18.192232132,540.784900109937,7.222386191771613,18.5188274384,673.0642267791451,14.713435801768567,17.691778183,1.2181787491,0.8270492554,0.3265953064,0.500453949
1635721458409799680,Gaia DR2 304994565516948608,29.741954011928556,33.273328595606145,01h58m58.07s,33d16m23.98s,2203.6815834626286,4.7693998614899105,17.330493927,631.8400541275274,17.541072055937168,18.3498706818,2444.8488206886486,16.034463572505814,16.2912902832,1.396158576,2.0585803986,1.0193767548,1.0392036438
1635721458409799680,Gaia DR2 305031399156469760,29.691583473514168,33.404790100064716,01h58m45.98s,33d24m17.24s,21791.7405610868,11.961419455308675,14.8426361084,11643.98722734617,34.191665505116596,15.1861343384,14725.293370967645,19.610473757117674,14.3417596817,1.2100584507,0.8443746567,0.34349823,0.5008764267
1635721458409799680,Gaia DR2 304995596309098240,29.70076638359082,33.29968992343007,01h58m48.18s,33d17m58.88s,18548.822776601868,8.641010160652748,15.017575264,7910.355270694461,36.99832417392184,15.6058979034,15439.213694627491,35.038300289785674,14.290356636,1.2588167191,1.3155412674,0.5883226395,0.7272186279
1635721458409799680,Gaia DR2 305031978976681216,29.753721390592656,33.446651582940405,01h59m00.89s,33d26m47.95s,331.24086556571314,2.023024551040248,19.3880062103,115.1651188517959,26.658400553734637,20.1980857849,455.225879111462,13.418042921822964,18.1163520813,1.7219825983,2.0817337036,0.8100795746,1.271654129
1635721458409799680,Gaia DR2 305033250286364928,29.81802690259507,33.44833805907625,01h59m16.33s,33d26m54.02s,11395.661985496463,7.4266729033878685,15.5465164185,6191.603131860169,37.77614122772198,15.8718805313,7685.3350681622505,19.404467196344772,15.0477628708,1.2177386284,0.8241176605,0.3253641129,0.4987535477
1635721458409799680,Gaia DR2 305033250286702336,29.821391743933702,33.44793263440207,01h59m17.13s,33d26m52.56s,349.36857032547624,2.78560772437634,19.3301563263,91.88267566891545,13.053753876426143,20.4433040619,499.8523656773143,9.924891665876824,18.0148162842,1.6937271357,2.4284877777,1.1131477356,1.3153400421
1635721458409799680,Gaia DR2 305017754044562432,29.7991085643623,33.263662715090014,01h59m11.79s,33d15m49.19s,219.48366165136727,1.9388067916761358,19.834859848,124.29133710333082,13.54608216631492,20.1152858734,233.52258162079346,7.82431478763213,18.8410968781,1.6302530766,1.2741889954,0.2804260254,0.99376297
1635721458409799680,Gaia DR2 305021499256179456,29.82567771806957,33.447021854662744,01h59m18.16s,33d26m49.28s,115.82907769721703,2.297234894994155,20.5288219452,47.39593478757476,0.974727246221029,21.1620349884,161.80942758517972,18.53204812813873,19.2394104004,1.8061558008,1.922624588,0.6332130432,1.2894115448
1635721458409799680,Gaia DR2 305032597451969664,29.72017748903259,33.43413442014942,01h58m52.84s,33d26m02.88s,169.11014395983688,1.7168250119010315,20.1179409027,89.63535967741514,25.506218727805138,20.4701900482,228.24668507622224,17.351271550233815,18.8659095764,1.8797338009,1.6042804718,0.3522491455,1.2520313263
1635721458409799680,Gaia DR2 304995596308404096,29.707489328579893,33.29022597203845,01h58m49.80s,33d17m24.81s,141.6362823742195,1.7040889099213252,20.3104286194,93.04673764700918,63.138483089298006,20.4296360016,174.98429192277,15.315015662945632,19.15442276,1.8923896551,1.2752132416,0.1192073822,1.1560058594
1635721458409799680,Gaia DR2 305020434106162816,29.887266917687633,33.403813873381814,01h59m32.94s,33d24m13.73s,128.36820284919426,1.526240570465687,20.4172229767,72.39970360954334,20.647902086729765,20.7020454407,191.55705013463555,11.767638874119651,19.0561752319,2.0562472343,1.6458702087,0.284822464,1.3610477448
1635721458409799680,Gaia DR2 305015314503148032,29.851946335791883,33.27915503365497,01h59m24.47s,33d16m44.96s,543.1722941696819,9.583584625331762,18.851020813,499.9205842084802,15.021621237446064,18.6041355133,1088.758369185017,13.03427147043707,17.1695919037,2.9248158932,1.4345436096,-0.2468852997,1.6814289093
1635721458409799680,Gaia DR2 305017788404819840,29.789735304618286,33.26209359579308,01h59m09.54s,33d15m43.54s,145.7259071660839,1.6963455454089924,20.2795238495,73.3221276522978,17.379432510345787,20.6883010864,200.38161264958117,10.490916997151896,19.0072746277,1.8782092333,1.6810264587,0.4087772369,1.2722492218
1635721458409799680,Gaia DR2 305016998130366592,29.900202264490904,33.340481168461714,01h59m36.05s,33d20m25.73s,905.8991237066433,2.007301310424246,18.295665741,215.36675401858935,12.775532644824619,19.5184421539,1058.1623532474111,10.020324702970244,17.2005386353,1.4058177471,2.3179035187,1.222776413,1.0951271057
1635721458409799680,Gaia DR2 305007725296739200,29.673238767406467,33.349182121500014,01h58m41.58s,33d20m57.06s,51926.90653046089,27.130558282449464,13.8998842239,25846.5547741307,73.45991054839726,14.3203811646,37284.931304875456,137.8330701872163,13.3330869675,1.2157759666,0.9872941971,0.4204969406,0.5667972565
1635721458409799680,Gaia DR2 305016963770994944,29.89522366141087,33.32337935832646,01h59m34.85s,33d19m24.17s,223.97097274843497,1.776964851243743,19.8128871918,79.79964087773224,14.90825312911292,20.5963859558,263.4179111589535,6.7771642413609055,18.7103061676,1.5324198008,1.8860797882,0.783498764,1.1025810242
1635721458409799680,Gaia DR2 305014936546536832,29.84505576898435,33.27410885379549,01h59m22.81s,33d16m26.79s,109.75660209260846,1.340939059056857,20.5872898102,48.8337128619419,11.741804487739726,21.1295890808,133.30827821801805,7.650643786241767,19.4497776031,1.6595083475,1.6798114777,0.5422992706,1.137512207
1635721458409799680,Gaia DR2 305032150775367424,29.692435767944243,33.41276410235241,01h58m46.18s,33d24m45.95s,242.22417376901709,2.270492387938182,19.7278213501,96.01855244788833,18.982002015694714,20.3955001831,318.33516312335684,13.65674277893943,18.5047092438,1.7106208801,1.8907909393,0.667678833,1.2231121063
1635721458409799680,Gaia DR2 305020129161656448,29.90108048394068,33.37613467242117,01h59m36.26s,33d22m34.08s,1350.9906857045933,3.1367750298250323,17.8617343903,,,,,,,,,,
1635721458409799680,Gaia DR2 305020129162314624,29.901163459239594,33.37579057726063,01h59m36.28s,33d22m32.85s,4012.08705732505,4.978432281153335,16.67993927,1912.2122657280465,32.44871119544721,17.1475486755,4436.601002321377,55.0305620146291,15.6442937851,1.5824216604,1.5032548904,0.4676094055,1.0356454849
1635721458409799680,Gaia DR2 305007411763351424,29.679712572013173,33.32214768874902,01h58m43.13s,33d19m19.73s,307.3216338804829,2.246120362096111,19.4693832397,172.38627200285546,19.951219013162437,19.7601318359,284.89982234731247,10.724980905202443,18.6251888275,1.4879723787,1.1349430084,0.2907485962,0.8441944122
1635721458409799680,Gaia DR2 305014902188244352,29.822664022858778,33.26546937599596,01h59m17.44s,33d15m55.69s,75.8622408876092,2.3319094753125453,20.9883022308,108.74148282194629,48.49254143069374,20.2604007721,76.96152173461952,12.942895096206055,20.0462360382,2.4478976727,0.2141647339,-0.7279014587,0.9420661926
1635721458409799680,Gaia DR2 305033392021290368,29.768209506900163,33.453767687737674,01h59m04.37s,33d27m13.56s,4519.037878863036,5.322755182069523,16.5507507324,2549.683263273877,50.497133220229784,16.8351726532,2992.9842998188014,17.405478373756974,16.0716590881,1.2265149355,0.7635135651,0.2844219208,0.4790916443
1635721458409799680,Gaia DR2 305033220221891712,29.786673761533898,33.45536886047651,01h59m08.80s,33d27m19.33s,180.44577665421704,2.0598046191301265,20.047498703,71.24499948940225,18.39331828592793,20.7195014954,245.38729118713104,9.695672725497426,18.7872905731,1.7547225952,1.9322109222,0.6720027924,1.2602081299
1635721458409799680,Gaia DR2 305007721001022336,29.670505451022056,33.358563238049854,01h58m40.92s,33d21m30.83s,2158.967770126792,3.5086551638076195,17.3527507782,1131.4249725137038,23.464312558130537,17.7173233032,1559.2419674474395,16.52210794245179,16.7796363831,1.2462747097,0.9376869202,0.364572525,0.5731143951
1635721458409799680,Gaia DR2 305032155070713984,29.68506119929037,33.4053664937265,01h58m44.41s,33d24m19.32s,235.95264634984912,1.6235071335377673,19.7563037872,97.87677802336952,23.106592878347765,20.3746891022,255.44595172607242,15.872067585473399,18.7436733246,1.4974306822,1.6310157776,0.6183853149,1.0126304626
1635721458409799680,Gaia DR2 304994531157210624,29.761473705127102,33.26230203130416,01h59m02.75s,33d15m44.29s,197.60763414950742,1.8553039757912189,19.9488563538,123.20618627569444,24.273363930022775,20.1248073578,169.02125349998127,13.535313598548226,19.1920661926,1.478826642,0.9327411652,0.175951004,0.7567901611
1635721458409799680,Gaia DR2 305015284439182464,29.87297290900159,33.290701821972746,01h59m29.51s,33d17m26.53s,2133.975167974801,2.82563607894328,17.3653926849,908.5455399555915,7.17108212160902,17.9555206299,1765.0286691206652,11.822159815802062,16.6450405121,1.2528610229,1.3104801178,0.5901279449,0.7203521729
1635721458409799680,Gaia DR2 305020365385104768,29.894220142102863,33.39954696588077,01h59m34.61s,33d23m58.37s,375.06438243405347,2.0116697343630756,19.2531013489,73.55879894608009,7.8889489974900835,20.6848011017,525.2534271685637,10.427426206529338,17.9609985352,1.5965584517,2.7238025665,1.4316997528,1.2921028137
1635721458409799680,Gaia DR2 304994531157245568,29.765004262092525,33.26096256632824,01h59m03.60s,33d15m39.47s,3568.1060467098914,5.402521274615776,16.8072719574,1370.943351732373,38.2798580839573,17.5088386536,3227.9261994207077,16.393306519495248,15.989610672,1.288882494,1.5192279816,0.7015666962,0.8176612854
1635721458409799680,Gaia DR2 305020159226329472,29.90210987271865,33.38243688538171,01h59m36.51s,33d22m56.77s,372.4508676000091,1.8943751712670645,19.2606925964,260.9073477760114,6.787474755198176,19.3101730347,180.19720972282445,10.229120048852783,19.122549057,1.1843295097,0.1876239777,0.0494804382,0.1381435394
1635721458409799680,Gaia DR2 305021533615918336,29.83755462281921,33.447523483817506,01h59m21.01s,33d26m51.08s,569.0946060376533,2.664444079506941,18.8004055023,167.25970212064166,15.740725349657257,19.7929096222,704.3288416628758,14.831485618691712,17.6424808502,1.531535387,2.150428772,0.9925041199,1.1579246521
1635721458409799680,Gaia DR2 304994561223075456,29.748699231354728,33.26413775653704,01h58m59.69s,33d15m50.90s,70.19269711754356,1.9260598076621964,21.0726356506,,,,,,,,,,
1635721458409799680,Gaia DR2 305031944618410624,29.733431732856133,33.44610921151002,01h58m56.02s,33d26m45.99s,84.00290474009469,2.125946705314799,20.8776302338,,,,,,,,,,
1635721458409799680,Gaia DR2 305020060442811008,29.9059424360975,33.36676899510692,01h59m37.43s,33d22m00.37s,5294.736194545183,4.8039995710932955,16.3787555695,2820.346315114177,21.24517020873505,16.7256317139,3600.212696465172,15.047857029288467,15.871099472,1.2126306295,0.8545322418,0.3468761444,0.5076560974
1635721458409799680,Gaia DR2 305021263033646848,29.86269799476035,33.435169970973064,01h59m27.05s,33d26m06.61s,4159.085271246495,4.908509229858028,16.640871048,1641.6260819918261,16.975859877801696,17.3132019043,3740.918559787829,24.96400481329679,15.8294744492,1.2941654921,1.4837274551,0.6723308563,0.8113965988
1635721458409799680,Gaia DR2 305021194314171264,29.87772462799293,33.42433873857982,01h59m30.65s,33d25m27.62s,38123.5000576123,15.319020023847052,14.2353839874,18103.09224718499,44.61503104668423,14.7070064545,28946.21233950216,104.08042106168732,13.6079406738,1.2341287136,1.0990657806,0.471622467,0.6274433136
1635721458409799680,Gaia DR2 305033250286709504,29.815101791098726,33.45570943617796,01h59m15.62s,33d27m20.55s,922.2260361808168,2.8229207144438573,18.2762718201,410.8143130042127,19.013980631018104,18.8172740936,779.0621148525216,14.311446981462518,17.532989502,1.290222168,1.2842845917,0.5410022736,0.7432823181
1635721458409799680,Gaia DR2 305007480482837120,29.669318269171335,33.33639029519926,01h58m40.64s,33d20m11.01s,2906.2592280956314,4.166260018295007,17.0300292969,1099.873322681742,23.145416443629678,17.7480316162,2738.7496046131805,16.56718637931749,16.1680393219,1.3208123446,1.5799922943,0.7180023193,0.861989975
1635721458409799680,Gaia DR2 305020163522053376,29.9013958885262,33.39180144537629,01h59m36.34s,33d23m30.49s,5168.790619149945,5.3250998118558455,16.4048938751,2548.28511798746,18.62102345611932,16.835767746,3758.5433386219943,10.698406116597637,15.8243713379,1.2201749086,1.0113964081,0.4308738708,0.5805225372
1635721458409799680,Gaia DR2 305020090506846976,29.906809615443414,33.37610670370011,01h59m37.63s,33d22m33.98s,687.0063944067533,2.3771817219474207,18.5959644318,175.75129262401103,13.472138240502343,19.7391414642,816.2333274354013,8.79021428249376,17.482383728,1.4439234734,2.2567577362,1.1431770325,1.1135807037
1635721458409799680,Gaia DR2 305032601747309184,29.71800472044307,33.44179713027762,01h58m52.32s,33d26m30.47s,4405.103277847277,5.327168443897721,16.5784759521,2432.77448917992,36.46383189468859,16.886133194,2892.347867882152,20.60360609483277,16.1087932587,1.2088530064,0.7773399353,0.3076572418,0.4696826935
1635721458409799680,Gaia DR2 305033215928772352,29.790117625262805,33.460107039937505,01h59m09.63s,33d27m36.39s,107.95425118929057,2.0111321844287047,20.605266571,36.9825309809442,8.333585643591114,21.4313964844,141.91924315420158,16.416195347638215,19.381816864,1.6571998596,2.0495796204,0.8261299133,1.223449707
1635721458409799680,Gaia DR2 305017723980609152,29.801621733693455,33.25589749905426,01h59m12.39s,33d15m21.23s,5363.12994137461,5.906455161266686,16.3648204803,2973.4626703507047,19.306585542676345,16.6682319641,3565.2358420865185,10.95224637933845,15.8816995621,1.2191945314,0.786532402,0.3034114838,0.4831209183
1635721458409799680,Gaia DR2 305020812061382656,29.88992618834131,33.414724025578415,01h59m33.58s,33d24m53.01s,698.5692005143156,2.5862512481999205,18.5778427124,298.235987466013,11.511671675009294,19.1649875641,598.2544019044259,11.901312678977995,17.8197059631,1.2833236456,1.345281601,0.5871448517,0.7581367493
1635721458409799680,Gaia DR2 305032597455606400,29.71595635248236,33.44150163931218,01h58m51.83s,33d26m29.41s,116.3266127276967,1.6798981545626832,20.5241680145,73.0155926712434,14.941037522939643,20.6928482056,80.12677598786566,5.948214569724742,20.0024757385,1.3164861202,0.690372467,0.168680191,0.521692276
1635721458409799680,Gaia DR2 305007484778571392,29.66729408571385,33.334339958877536,01h58m40.15s,33d20m03.62s,88335.25017642148,27.845822552873592,13.3230304718,52161.06463890081,77.14829560827393,13.5580224991,53669.16487417288,68.74652206144555,12.9376077652,1.1980520487,0.6204147339,0.2349920273,0.3854227066
1635721458409799680,Gaia DR2 305020365384775936,29.897145694190524,33.405836137278094,01h59m35.31s,33d24m21.01s,309.0777564861145,1.5904318349887547,19.4631958008,90.50717785504551,6.965287193278624,20.4596805573,343.98020731462765,9.8672928971151,18.4205856323,1.4057543278,2.0390949249,0.9964847565,1.0426101685
1635721458409799680,Gaia DR2 305021258738004864,29.862270533751854,33.44068296842544,01h59m26.94s,33d26m26.46s,723.5378493465934,2.680424818570868,18.5397129059,174.9890969643746,11.728332398108604,19.7438602448,886.26941399112,14.148807566967493,17.3930053711,1.4667629004,2.3508548737,1.2041473389,1.1467075348
1635721458409799680,Gaia DR2 305032185134787072,29.68701426495933,33.41932184452977,01h58m44.88s,33d25m09.56s,345.9115567228612,2.140895312040437,19.3409538269,175.1818246025396,19.39082243043646,19.7426662445,371.395381808523,37.67879266292656,18.3373279572,1.5801068544,1.4053382874,0.4017124176,1.0036258698
1635721458409799680,Gaia DR2 304995493229884160,29.70180407890322,33.282121400400484,01h58m48.43s,33d16m55.64s,1788.6897694470147,3.1608058361145166,17.5570278168,994.7140420682173,8.99012475085966,17.8571434021,1178.4682597987169,14.275460472332512,17.0836257935,1.2149575949,0.7735176086,0.3001155853,0.4734020233
1635721458409799680,Gaia DR2 305015383222637056,29.890154187429353,33.29863631536144,01h59m33.64s,33d17m55.09s,1762.3698789428224,2.644495494328927,17.5731239319,859.4959477747137,9.566705496560164,18.0157794952,1299.1471471172574,14.402136793040354,16.9777736664,1.2248524427,1.0380058289,0.4426555634,0.5953502655
1635721458409799680,Gaia DR2 305017723980609280,29.78579088577706,33.25356416197604,01h59m08.59s,33d15m12.83s,9091.618593325607,10.81073855077629,15.791762352,4465.7546700948515,23.055654182867755,16.226650238,6870.05288100656,28.682817754617947,15.1695194244,1.2468415499,1.0571308136,0.434887886,0.6222429276
1635721458409799680,Gaia DR2 305033422085406592,29.777529906893637,33.461949709578555,01h59m06.61s,33d27m43.02s,199.3470587624586,2.0654974449957613,19.9393405914,114.39029780249587,26.252379021350485,20.2054157257,163.68430458965378,16.337688874013654,19.2269020081,1.3949270248,0.9785137177,0.2660751343,0.7124385834
1635721458409799680,Gaia DR2 305032051990882048,29.674439795662636,33.40393191176806,01h58m41.87s,33d24m14.15s,91.9923974697791,1.8770882194498493,20.7789859772,131.5047577318359,98.93129432711208,20.0540351868,129.1691763951712,16.131466724161495,19.4840221405,2.8336465359,0.5700130463,-0.7249507904,1.2949638367
1635721458409799680,Gaia DR2 305021533616219264,29.83223246646842,33.45632146492633,01h59m19.74s,33d27m22.76s,201.45069270913737,1.9014168694710303,19.9279441833,42.274559123657085,13.514742713662386,21.286190033,267.8547718347483,18.833441049526776,18.6921710968,1.5394800901,2.5940189362,1.3582458496,1.2357730865
1635721458409799680,Gaia DR2 305033387725957888,29.772458904384305,33.46250280543772,01h59m05.39s,33d27m45.01s,117.11452011737977,1.6629548220179322,20.5168380737,41.82063157770463,17.88181007781524,21.2979125977,142.41865434466277,7.531926591542698,19.3780021667,1.5731549263,1.9199104309,0.7810745239,1.138835907
1635721458409799680,Gaia DR2 305032013336074752,29.66777116845653,33.39178244189906,01h58m40.27s,33d23m30.42s,687.9490815370776,2.9781402313586107,18.5944747925,181.25156119191954,10.667057711763304,19.7056846619,765.7650327650728,11.100533408150424,17.5516815186,1.3765795231,2.1540031433,1.1112098694,1.0427932739
1635721458409799680,Gaia DR2 305015250078750720,29.860678600432504,33.2716166990873,01h59m26.56s,33d16m17.82s,201.89479666864852,1.4617259708486698,19.9255523682,132.05009263338778,32.47809345460943,20.0495414734,180.89921896769678,15.527045025910352,19.1183280945,1.5500613451,0.9312133789,0.1239891052,0.8072242737
1635721458409799680,Gaia DR2 305015245783665664,29.861407215456083,33.27174501133051,01h59m26.74s,33d16m18.28s,825.7837577988528,2.043734088329513,18.3962001801,436.57952752490235,13.530908739967158,18.7512302399,568.9049323445998,6.805583940226256,17.8743209839,1.2176122665,0.876909256,0.3550300598,0.5218791962
1635721458409799680,Gaia DR2 304995287071454592,29.710339253320033,33.273701478509196,01h58m50.48s,33d16m25.33s,74545.86098037593,31.29536048990905,13.5073070526,40839.730428241266,118.56682538535514,13.8236808777,48891.33635334553,72.57273679582353,13.0388402939,1.2037029266,0.7848405838,0.3163738251,0.4684667587
1635721458409799680,Gaia DR2 305033422085696384,29.77746944735288,33.46342967968395,01h59m06.59s,33d27m48.35s,85.12688096720014,2.8013428196487133,20.863199234,259.08219320913383,192.565614900734,19.3177947998,92.98194958506643,16.304715271329336,19.8409233093,4.1357574463,-0.5231285095,-1.5454044342,1.0222759247
1635721458409799680,Gaia DR2 305020159226339712,29.905752984070954,33.39722820532389,01h59m37.38s,33d23m50.02s,107.45964128981352,1.8482573710307602,20.6102523804,84.24980288095423,15.788670492608121,20.5374660492,79.37470208948326,9.016831545165811,20.012714386,1.522660017,0.5247516632,-0.0727863312,0.5975379944
1635721458409799680,Gaia DR2 305032704825817728,29.729197682660455,33.45239035945489,01h58m55.01s,33d27m08.61s,230.96040472720202,1.8286628512345393,19.7795219421,92.79743351912082,28.1071202213751,20.4325485229,345.58282260414825,9.053211729654544,18.4155387878,1.8980753422,2.0170097351,0.6530265808,1.3639831543
1635721458409799680,Gaia DR2 305032013337821952,29.664219032280833,33.38532833667958,01h58m39.41s,33d23m07.18s,71.0971762644457,2.1852883643671235,21.0587348938,,,,,,,,,,
1635721458409799680,Gaia DR2 305017719685227520,29.79816385245917,33.25113989493974,01h59m11.56s,33d15m04.10s,180.91622306283813,1.840910754160336,20.0446720123,78.39811538203654,22.814095735551287,20.6156234741,232.35115246392695,10.94945470326348,18.8465576172,1.7176418304,1.7690658569,0.5709514618,1.1981143951
1635721458409799680,Gaia DR2 305032563091926400,29.701903008373833,33.43754484874098,01h58m48.46s,33d26m15.16s,163.8602884758912,2.508683245949447,20.1521816254,82.53610468731986,7.593979937810326,20.5597782135,76.95366212193971,16.2601847704962,20.0463466644,0.9733277559,0.5134315491,0.4075965881,0.1058349609
1635721458409799680,Gaia DR2 305014833467206400,29.838434986351576,33.259401091919,01h59m21.22s,33d15m33.84s,245.90771083677487,1.5887666654631758,19.711435318,87.30866034817717,11.85513581271179,20.4987449646,283.8260478854405,8.814814027543402,18.6292896271,1.5092438459,1.8694553375,0.7873096466,1.0821456909
1635721458409799680,Gaia DR2 305017101209587200,29.915594642739205,33.34804247801411,01h59m39.74s,33d20m52.95s,275.92506040129075,1.354785213824764,19.5863876343,86.10431467029767,13.374757226865876,20.5138263702,330.615302403713,13.243946231708867,18.4636135101,1.5102638006,2.0502128601,0.927438736,1.1227741241
1635721458409799680,Gaia DR2 305021572270587264,29.88109919906777,33.43152617411696,01h59m31.46s,33d25m53.49s,182.67576793163013,1.8364069896795883,20.0341625214,90.06444939802915,19.544270376656392,20.4650039673,279.5333018972747,15.729143268067789,18.6458358765,2.0232446194,1.8191680908,0.4308414459,1.3883266449
1635721458409799680,Gaia DR2 305015211423944832,29.894825798473548,33.298329869052814,01h59m34.76s,33d17m53.99s,95.4367242256028,1.7648931967855033,20.7390766144,98.79446642711555,10.848865818078258,20.3645572662,38.249634864958274,5.211823339102797,20.8053512573,1.4359681606,-0.4407939911,-0.3745193481,-0.0662746429
1635721458409799680,Gaia DR2 305007794016244096,29.657616424664432,33.35989143838722,01h58m37.83s,33d21m35.61s,9313.386517485875,9.843161779577205,15.7655963898,4796.888653074984,21.787105226751528,16.1489887238,6595.9930183722845,20.88406874906273,15.213719368,1.2232801914,0.9352693558,0.383392334,0.5518770218
1635721458409799680,Gaia DR2 305016929410887936,29.915313049770326,33.33827823535231,01h59m39.68s,33d20m17.80s,316.73473394724374,1.6264271683439064,19.4366264343,73.27053778196807,9.99525473687876,20.6890640259,413.43048280112646,9.345696775137286,18.2209129333,1.5366202593,2.4681510925,1.2524375916,1.215713501
1635721458409799680,Gaia DR2 305017101209591168,29.9173667257224,33.35288119248195,01h59m40.17s,33d21m10.37s,4084.875336684929,3.599821723244455,16.6604194641,2317.1565532392497,15.572181240289416,16.938999176,2652.633987305666,14.936247194770019,16.2027263641,1.2166321278,0.7362728119,0.2785797119,0.4576931
1635721458409799680,Gaia DR2 305014833467319296,29.83294110567306,33.25596525365395,01h59m19.91s,33d15m21.47s,123.50706635740906,1.6555580161472674,20.4591369629,84.8405482905655,28.3053976751543,20.5298786163,209.03342547905046,9.03976529672465,18.9613800049,2.3794102669,1.5684986115,0.0707416534,1.497756958
1635721458409799680,Gaia DR2 305020541479144192,29.910592788525825,33.39415652266463,01h59m38.54s,33d23m38.96s,26122.42860923094,11.222304627755664,14.6458320618,10093.374646860706,23.9476584962694,15.3412971497,23182.716351766485,42.65042889839866,13.8490095139,1.2738513947,1.4922876358,0.6954650879,0.7968225479
1635721458409799680,Gaia DR2 304994458141945856,29.73073827354392,33.259525228751194,01h58m55.38s,33d15m34.29s,350.59667507824275,2.269167359066973,19.3263454437,97.28874017082684,15.927175524916521,20.381231308,422.10253849714417,8.538826182662847,18.1983757019,1.4814494848,2.1828556061,1.0548858643,1.1279697418
1635721458409799680,Gaia DR2 305033426381027712,29.780597687251564,33.46712866899032,01h59m07.34s,33d28m01.66s,2671.2916918984542,4.1733875628675206,17.1215629578,1235.2644913930787,28.732021223448534,17.6219882965,2123.3178700745334,23.614147941397285,16.4443817139,1.2572877407,1.1776065826,0.5004253387,0.6771812439
1635721458409799680,Gaia DR2 305015215719704960,29.90065573595083,33.30201233878125,01h59m36.16s,33d18m07.24s,184.27403264293167,1.359254844621659,20.0247058868,56.58614265664845,8.716699763549933,20.9696121216,250.08722217671914,11.3582749993212,18.7666912079,1.6642245054,2.2029209137,0.9449062347,1.258014679
1635721458409799680,Gaia DR2 305032631811409152,29.705194433918535,33.443565617382134,01h58m49.25s,33d26m36.84s,1014.9274166318306,2.8432280228687343,18.1722774506,681.7601188075715,85.7695238757203,18.2673091888,804.9703342215655,20.112937690842973,17.4974708557,1.4648637772,0.7698383331,0.0950317383,0.6748065948
1635721458409799680,Gaia DR2 305020743341907072,29.89964357046729,33.415513015749994,01h59m35.91s,33d24m55.85s,134.64467767316785,1.4521618578828244,20.3653926849,74.7561652989921,6.623139038223158,20.6672706604,70.51850693399518,6.603739094874499,20.1411628723,1.0789484978,0.5261077881,0.3018779755,0.2242298126
1635721458409799680,Gaia DR2 305032253854275840,29.689476268037225,33.43308260427471,01h58m45.47s,33d25m59.10s,411.60572458765546,2.2281314376648558,19.1521625519,141.34658963995398,12.752595242785123,19.9756755829,453.6303821047767,15.951383236931497,18.1201648712,1.445502162,1.8555107117,0.823513031,1.0319976807
1635721458409799680,Gaia DR2 305032120711009152,29.66405937405545,33.39967545226223,01h58m39.37s,33d23m58.83s,16050.210757633873,16.703975061231663,15.1746635437,6877.535027664558,23.702544246619965,15.7578058243,13512.409264417667,34.05891922845608,14.4350881577,1.2703847885,1.3227176666,0.5831422806,0.739575386
1635721458409799680,Gaia DR2 305020541479143040,29.910135547541348,33.40136484772292,01h59m38.43s,33d24m04.91s,50505.269042421365,17.42794098251352,13.930024147,21621.399281420883,56.075516309406346,14.5141782761,41113.757439124434,75.23689150036202,13.2269515991,1.2421507835,1.2872266769,0.584154129,0.7030725479
1635721458409799680,Gaia DR2 305020537183796352,29.91192454034213,33.39841032234377,01h59m38.86s,33d23m54.28s,199.24208195185847,1.6122547449174407,19.939912796,86.560359586788,22.389201150115042,20.5080909729,253.2538406869265,8.14532489855332,18.753030777,1.7055342197,1.7550601959,0.5681781769,1.186882019
1635721458409799680,Gaia DR2 305033456445150208,29.767655223207598,33.46825899505258,01h59m04.24s,33d28m05.73s,951.0265683165396,4.664663449496976,18.2428836823,521.7740511198015,28.42961913810713,18.5576820374,866.282302303699,23.48604636779451,17.4177722931,1.4595347643,1.1399097443,0.3147983551,0.8251113892
1635721458409799680,Gaia DR2 305032253854269312,29.68144964323497,33.42610935873835,01h58m43.55s,33d25m33.99s,580.4936908080444,2.514262070312678,18.7788715363,205.867729875509,13.817845861065239,19.5674171448,619.494394888648,17.05070087034549,17.7818260193,1.4218279123,1.7855911255,0.7885456085,0.997045517
1635721458409799680,Gaia DR2 305020812061388544,29.89681289893741,33.422440513463485,01h59m35.24s,33d25m20.79s,545.4871520548053,2.14426925235201,18.8464050293,310.34507014078815,11.425927187004612,19.1217765808,407.5578466022506,9.417018245450533,18.2364463806,1.3160766363,0.8853302002,0.2753715515,0.6099586487
1635721458409799680,Gaia DR2 305015039627229056,29.87250101340763,33.27120718317671,01h59m29.40s,33d16m16.35s,102.6294943053334,1.457542420343711,20.6601848602,25.61936875116489,7.032058284953419,21.8299674988,144.4382143924312,7.9079885529383045,19.3627147675,1.6570049524,2.4672527313,1.1697826385,1.2974700928
1635721458409799680,Gaia DR2 304995282775676800,29.69725661535878,33.27499206412997,01h58m47.34s,33d16m29.97s,2304.067709011168,3.821033480575331,17.2821273804,1128.202458136367,19.178098600311362,17.7204208374,1696.7581534215658,14.322222171799103,16.6878700256,1.2260752916,1.0325508118,0.438293457,0.5942573547
1635721458409799680,Gaia DR2 305014769043110144,29.806310536089757,33.24690295814004,01h59m13.51s,33d14m48.85s,4543.434431404496,6.773068821481527,16.5449047089,2376.8779560343905,19.32430935247861,16.9113712311,3176.9988296599213,20.948800541382205,16.0068778992,1.2223961353,0.9044933319,0.3664665222,0.5380268097
1635721458409799680,Gaia DR2 305032631811409664,29.702526500720555,33.44445561463156,01h58m48.61s,33d26m40.04s,222.81839328330395,2.0858071188793628,19.8184890747,127.34215669450998,22.12302856385238,20.0889568329,184.07145372386032,19.11447179676012,19.0994529724,1.3976117373,0.9895038605,0.2704677582,0.7190361023
1635721458409799680,Gaia DR2 305007381699357696,29.662157675914575,33.31571248692098,01h58m38.92s,33d18m56.56s,24701.501545595085,13.009798403370576,14.7065572739,11367.623786976039,37.04324448788845,15.2122135162,19101.34789706897,26.36118833171139,14.0592603683,1.2334866524,1.1529531479,0.5056562424,0.6472969055
1635721458409799680,Gaia DR2 305020816357049344,29.900428736141123,33.42092503947819,01h59m36.10s,33d25m15.33s,9665.350081885339,6.647822289655548,15.7253217697,4620.03479049067,20.511844706140188,16.1897754669,7220.2313297525225,15.474764452183269,15.1155424118,1.2250219584,1.0742330551,0.4644536972,0.6097793579
1635721458409799680,Gaia DR2 304994496797492352,29.751045061627405,33.24832836990856,01h59m00.25s,33d14m53.98s,126.24771174225528,1.4985592507989174,20.4353065491,19.704710632757163,5.548907991624962,22.1149635315,169.41161128754106,12.590492932487939,19.1895618439,1.4979782104,2.9254016876,1.6796569824,1.2457447052
1635721458409799680,Gaia DR2 305032223789488000,29.671366966156583,33.41725241961687,01h58m41.13s,33d25m02.11s,242.15280063081107,2.18504073055446,19.7281417847,,,,,,,,,,
1635721458409799680,Gaia DR2 304995523294361088,29.67975317040594,33.288206619272614,01h58m43.14s,33d17m17.54s,92.70801860480401,1.9553956080812744,20.7705726624,33.81028409350084,7.911888292685984,21.5287666321,106.90122587750356,15.08696973643577,19.6894626617,1.5177922249,1.8393039703,0.7581939697,1.0811100006
1635721458409799680,Gaia DR2 305032223790189696,29.6712796033985,33.41757595634023,01h58m41.11s,33d25m03.27s,3911.7337492616634,4.652234161608932,16.7074432373,1835.9926339100493,20.17850420351404,17.1917114258,3162.462217741936,29.33334360856862,16.0118560791,1.2778105736,1.1798553467,0.4842681885,0.6955871582
1635721458409799680,Gaia DR2 305014769042468608,29.80654345395723,33.24482993789278,01h59m13.57s,33d14m41.39s,79.19209653492972,1.8621713136282516,20.9416618347,,,,,,,,,,
1635721458409799680,Gaia DR2 305014734683371392,29.828053836787056,33.24855307234067,01h59m18.73s,33d14m54.79s,859.6332417597729,2.7313762633922307,18.3525829315,498.25419706560086,9.59131679289763,18.6077613831,552.3490817405279,11.536737914811825,17.9063854218,1.2221529484,0.7013759613,0.2551784515,0.4461975098
1635721458409799680,Gaia DR2 305014665963200128,29.85423494685529,33.25720319283882,01h59m25.02s,33d15m25.93s,233.53065076978316,1.9084408068144907,19.7675056458,72.97830066260912,6.75607630388032,20.693403244,297.15874197750264,7.797587664192821,18.5794487,1.5849612951,2.1139545441,0.9258975983,1.1880569458
1635721458409799680,Gaia DR2 305033284646457856,29.82737172033199,33.46818491942135,01h59m18.57s,33d28m05.47s,1275.353457191884,2.619670965624548,17.9242897034,404.01099394745074,10.724463513402286,18.8354053497,1274.8153165142573,9.931315031921974,16.9983024597,1.3163615465,1.83710289,0.9111156464,0.9259872437
1635721458409799680,Gaia DR2 305015043921015424,29.87116090614655,33.265998932479945,01h59m29.08s,33d15m57.60s,1339.4538257695888,2.3647399290267512,17.8710460663,629.1841435689265,16.72561811442067,18.3544445038,1043.300491773321,10.02194787338931,17.2158966064,1.248631835,1.1385478973,0.4833984375,0.6551494598
1635721458409799680,Gaia DR2 305033490804891904,29.775438041710082,33.4728578490255,01h59m06.11s,33d28m22.29s,211.32984543032353,2.0737419399675616,19.8759632111,123.78312449500808,44.94858466496942,20.1197338104,266.93979678539495,10.990966294122078,18.6958866119,1.8488771915,1.4238471985,0.2437705994,1.1800765991
1635721458409799680,Gaia DR2 305016688892702720,29.914359250568115,33.31167360740291,01h59m39.45s,33d18m42.02s,6770.787552863193,6.427120862913085,16.1117668152,2459.5954953692185,23.54918919398107,16.8742294312,6203.23797487559,34.597675268430336,15.2803735733,1.2794425488,1.5938558578,0.762462616,0.8313932419
1635721458409799680,Gaia DR2 304994458141942272,29.72726848825547,33.25339748632141,01h58m54.54s,33d15m12.23s,243.22283840361263,2.595803445457327,19.7233543396,91.70000470004409,14.927758063485397,20.4454650879,263.91285267138835,10.218971197624112,18.7082691193,1.4620866776,1.7371959686,0.7221107483,1.0150852203
1635721458409799680,Gaia DR2 305021911573052160,29.85087774807885,33.46118443096229,01h59m24.21s,33d27m40.26s,232.50523249034313,2.1844818559777393,19.7722835541,126.85004294892926,16.015291635022805,20.0931625366,260.61105826203374,10.887914356177381,18.7219371796,1.6664618254,1.3712253571,0.3208789825,1.0503463745
1635721458409799680,Gaia DR2 304994290639043456,29.76949741717637,33.24249147260519,01h59m04.68s,33d14m32.97s,412.53148932584776,3.353925498787098,19.149723053,192.75082692185873,23.584892590887666,19.6388969421,324.02170763200905,12.42561770562301,18.4854850769,1.2526862621,1.1534118652,0.4891738892,0.6642379761
1635721458409799680,Gaia DR2 305014661668105344,29.86007108611041,33.25848277818717,01h59m26.42s,33d15m30.54s,617.553322283685,2.042633481977794,18.7116794586,212.95490244381804,9.94056311639482,19.5306682587,617.2518541258667,9.507517541470353,17.7857646942,1.3443483114,1.7449035645,0.8189888,0.9259147644
1635721458409799680,Gaia DR2 305032223790224512,29.668913107960822,33.4189965490884,01h58m40.54s,33d25m08.39s,1390.5098259249999,3.024127140024666,17.8304309845,442.3124044229237,31.24913588084584,18.7370662689,1487.635674679498,4.178269988222199,16.8306789398,1.387942791,1.9063873291,0.9066352844,0.9997520447
